Pipeline,Node1,Node2
0,9,28
1,28,9
2,9,18
3,18,9
4,18,28
5,28,18
6,18,46
7,46,18
8,14,46
9,46,14
10,28,46
11,46,28
12,14,22
13,22,14
14,36,37
15,37,36
16,36,42
17,42,36
18,20,38
19,38,20
20,22,35
21,35,22
22,8,35
23,35,8
24,10,28
25,28,10
26,10,14
27,14,10
28,10,46
29,46,10
30,21,39
31,39,21
32,22,29
33,29,22
34,29,39
35,39,29
36,6,21
37,21,6
38,6,29
39,29,6
40,27,37
41,37,27
42,2,27
43,27,2
44,2,37
45,37,2
46,27,42
47,42,27
48,0,15
49,15,0
50,0,19
51,19,0
52,15,19
53,19,15
54,19,44
55,44,19
56,8,44
57,44,8
58,25,38
59,38,25
60,25,47
61,47,25
62,24,29
63,29,24
64,24,35
65,35,24
66,6,24
67,24,6
68,6,48
69,48,6
70,40,45
71,45,40
72,36,45
73,45,36
74,8,34
75,34,8
76,28,34
77,34,28
78,0,34
79,34,0
80,0,17
81,17,0
82,15,17
83,17,15
84,17,42
85,42,17
86,0,36
87,36,0
88,25,30
89,30,25
90,30,38
91,38,30
92,30,43
93,43,30
94,20,43
95,43,20
96,41,47
97,47,41
98,41,43
99,43,41
100,16,44
101,44,16
102,8,16
103,16,8
104,16,48
105,48,16
106,21,49
107,49,21
108,48,49
109,49,48
110,13,49
111,49,13
112,33,34
113,34,33
114,0,33
115,33,0
116,33,36
117,36,33
118,33,45
119,45,33
120,33,40
121,40,33
122,32,40
123,40,32
124,32,33
125,33,32
126,9,32
127,32,9
128,26,41
129,41,26
130,3,41
131,41,3
132,3,26
133,26,3
134,19,26
135,26,19
136,3,15
137,15,3
138,2,4
139,4,2
140,4,27
141,27,4
142,4,42
143,42,4
144,31,41
145,41,31
146,31,47
147,47,31
148,11,31
149,31,11
150,11,47
151,47,11
152,1,16
153,16,1
154,1,48
155,48,1
156,1,20
157,20,1
158,1,13
159,13,1
160,23,26
161,26,23
162,23,41
163,41,23
164,23,43
165,43,23
166,1,23
167,23,1
168,7,31
169,31,7
170,12,23
171,23,12
172,12,26
173,26,12
174,12,44
175,44,12
176,12,19
177,19,12
178,12,16
179,16,12
180,4,5
181,5,4
182,3,5
183,5,3
184,5,7
185,7,5
